Stock Symbol,Company Name,ISIN Code,Qty,Average Cost Price,Current Market Price,% Change over prev close,Value At Cost,Value At Market Price,Realized Profit / Loss,Unrealized Profit/Loss,Unrealized Profit/Loss %,
ALPHAIND,ALPHA INDUSTRIES LTD,INE900A01011,604,278.62,269.07,+ 0.91,168289.00,162518.28,0.00,-5770.72,(3.43),
BETABANK,BETA BANK LTD,INE900B01012,414,244.63,190.30,+ 0.22,101275.74,78784.20,3561.75,-22491.54,(22.21),
GAMMAPWR,GAMMA POWER LTD,INE900C01013,676,20.55,31.37,- 2.65,13895.03,21206.12,4686.78,7311.09,52.62,
DELTACHM,DELTA CHEMICALS LTD,INE900D01014,157,1118.25,772.58,- 0.40,175565.85,121295.06,114922.96,-54270.79,(30.91),
EPSIFIN,EPSILON FINANCE LTD,INE900E01015,21,136.42,105.72,- 2.46,2864.82,2220.12,5500.46,-644.70,(22.50),
ZETATECH,ZETA TECHNOLOGIES LTD,INE900F01016,83,2949.77,4776.23,+ 1.96,244831.14,396427.09,23981.03,151595.95,61.92,
ETAMOTOR,ETA MOTORS LTD,INE900G01017,16,353.95,405.15,+ 0.76,5663.23,6482.40,33205.89,819.17,14.46,
THETACEM,THETA CEMENT LTD,INE900H01018,306,72.65,209.82,+ 0.46,22229.77,64204.92,1091.00,41975.15,188.82,
IOTALOG,IOTA LOGISTICS LTD,INE900J01019,45,212.40,330.65,+ 2.86,9558.00,14879.25,0.00,5321.25,55.67,
